INSERT INTO tokens (`token_address`, `name`, `symbol`, `decimals`, `init_total_supply`, `type`) VALUES('0xa0b86991c6218b36c1d19d4a2e9eb0ce3606eb48', 'USD Coin', 'USDC', '6', '44312432334009550', '0')ON DUPLICATE KEY UPDATE 
	name=values(name), 
	symbol=values(symbol),
	decimals=values(decimals),
	init_total_supply=values(init_total_supply),
	type=values(type);INSERT INTO tokens (`token_address`, `name`, `symbol`, `decimals`, `init_total_supply`, `type`) VALUES('0x4fabb145d64652a948d72533023f6e7a623c7c53', 'Binance USD', 'BUSD', '18', '18194582217730000000000000000', '0')ON DUPLICATE KEY UPDATE 
	name=values(name), 
	symbol=values(symbol),
	decimals=values(decimals),
	init_total_supply=values(init_total_supply),
	type=values(type);INSERT INTO tokens (`token_address`, `name`, `symbol`, `decimals`, `init_total_supply`, `type`) VALUES('0xae7ab96520de3a18e5e111b5eaab095312d7fe84', 'Liquid staked Ether 2.0', 'stETH', '18', '4190686626877404287035058', '0')ON DUPLICATE KEY UPDATE 
	name=values(name), 
	symbol=values(symbol),
	decimals=values(decimals),
	init_total_supply=values(init_total_supply),
	type=values(type);INSERT INTO tokens (`token_address`, `name`, `symbol`, `decimals`, `init_total_supply`, `type`) VALUES('0x7f39c581f595b53c5cb19bd0b3f8da6c935e2ca0', 'Wrapped liquid staked Ether 2.0', 'wstETH', '18', '301634043916461122395529', '0')ON DUPLICATE KEY UPDATE 
	name=values(name), 
	symbol=values(symbol),
	decimals=values(decimals),
	init_total_supply=values(init_total_supply),
	type=values(type);INSERT INTO tokens (`token_address`, `name`, `symbol`, `decimals`, `init_total_supply`, `type`) VALUES('0x95aD61b0a150d79219dCF64E1E6Cc01f0B64C4cE', 'SHIBA INU', 'SHIB', '18', '999991593348634668467433785309628', '0')ON DUPLICATE KEY UPDATE 
	name=values(name), 
	symbol=values(symbol),
	decimals=values(decimals),
	init_total_supply=values(init_total_supply),
	type=values(type);INSERT INTO tokens (`token_address`, `name`, `symbol`, `decimals`, `init_total_supply`, `type`) VALUES('0x75231f58b43240c9718dd58b4967c5114342a86c', 'OKB', 'OKB', '18', '300000000000000000000000000', '0')ON DUPLICATE KEY UPDATE 
	name=values(name), 
	symbol=values(symbol),
	decimals=values(decimals),
	init_total_supply=values(init_total_supply),
	type=values(type);INSERT INTO tokens (`token_address`, `name`, `symbol`, `decimals`, `init_total_supply`, `type`) VALUES('0x1f9840a85d5af5bf1d1762f925bdaddc4201f984', 'Uniswap', 'UNI', '18', '1000000000000000000000000000', '0')ON DUPLICATE KEY UPDATE 
	name=values(name), 
	symbol=values(symbol),
	decimals=values(decimals),
	init_total_supply=values(init_total_supply),
	type=values(type);INSERT INTO tokens (`token_address`, `name`, `symbol`, `decimals`, `init_total_supply`, `type`) VALUES('0x99d8a9c45b2eca8864373a26d1459e3dff1e17f3', 'Magic Internet Money', 'MIM', '18', '1870149893711023181391094919', '0')ON DUPLICATE KEY UPDATE 
	name=values(name), 
	symbol=values(symbol),
	decimals=values(decimals),
	init_total_supply=values(init_total_supply),
	type=values(type);INSERT INTO tokens (`token_address`, `name`, `symbol`, `decimals`, `init_total_supply`, `type`) VALUES('0xfd09cf7cfffa9932e33668311c4777cb9db3c9be', 'Wrapped Decentraland MANA', 'wMANA', '18', '31218730937222222000000000', '0')ON DUPLICATE KEY UPDATE 
	name=values(name), 
	symbol=values(symbol),
	decimals=values(decimals),
	init_total_supply=values(init_total_supply),
	type=values(type);INSERT INTO tokens (`token_address`, `name`, `symbol`, `decimals`, `init_total_supply`, `type`) VALUES('0x6e1A19F235bE7ED8E3369eF73b196C07257494DE', 'Wrapped Filecoin', 'WFIL', '18', '2470957264184524969568', '0')ON DUPLICATE KEY UPDATE 
	name=values(name), 
	symbol=values(symbol),
	decimals=values(decimals),
	init_total_supply=values(init_total_supply),
	type=values(type);INSERT INTO tokens (`token_address`, `name`, `symbol`, `decimals`, `init_total_supply`, `type`) VALUES('0x853d955acef822db058eb8505911ed77f175b99e', 'Frax', 'FRAX', '18', '1485181322600862126747870101', '0')ON DUPLICATE KEY UPDATE 
	name=values(name), 
	symbol=values(symbol),
	decimals=values(decimals),
	init_total_supply=values(init_total_supply),
	type=values(type);INSERT INTO tokens (`token_address`, `name`, `symbol`, `decimals`, `init_total_supply`, `type`) VALUES('0xf34960d9d60be18cc1d5afc1a6f012a723a28811', 'KuCoin Token', 'KCS', '6', '165641743000000', '0')ON DUPLICATE KEY UPDATE 
	name=values(name), 
	symbol=values(symbol),
	decimals=values(decimals),
	init_total_supply=values(init_total_supply),
	type=values(type);INSERT INTO tokens (`token_address`, `name`, `symbol`, `decimals`, `init_total_supply`, `type`) VALUES('0xc944e90c64b2c07662a292be6244bdf05cda44a7', 'Graph Token', 'GRT', '18', '10370780327632442910764981606', '0')ON DUPLICATE KEY UPDATE 
	name=values(name), 
	symbol=values(symbol),
	decimals=values(decimals),
	init_total_supply=values(init_total_supply),
	type=values(type);INSERT INTO tokens (`token_address`, `name`, `symbol`, `decimals`, `init_total_supply`, `type`) VALUES('0x0000000000085d4780B73119b644AE5ecd22b376', 'TrueUSD', 'TUSD', '18', '833152160520000000000000000', '0')ON DUPLICATE KEY UPDATE 
	name=values(name), 
	symbol=values(symbol),
	decimals=values(decimals),
	init_total_supply=values(init_total_supply),
	type=values(type);INSERT INTO tokens (`token_address`, `name`, `symbol`, `decimals`, `init_total_supply`, `type`) VALUES('0xa47c8bf37f92abed4a126bda807a7b7498661acd', 'Wrapped UST Token', 'UST', '18', '538584140521994955663469205', '0')ON DUPLICATE KEY UPDATE 
	name=values(name), 
	symbol=values(symbol),
	decimals=values(decimals),
	init_total_supply=values(init_total_supply),
	type=values(type);INSERT INTO tokens (`token_address`, `name`, `symbol`, `decimals`, `init_total_supply`, `type`) VALUES('0x8e870d67f660d95d5be530380d0ec0bd388289e1', 'Pax Dollar', 'USDP', '18', '946878548640000000000000000', '0')ON DUPLICATE KEY UPDATE 
	name=values(name), 
	symbol=values(symbol),
	decimals=values(decimals),
	init_total_supply=values(init_total_supply),
	type=values(type);INSERT INTO tokens (`token_address`, `name`, `symbol`, `decimals`, `init_total_supply`, `type`) VALUES('0x1a4b46696b2bb4794eb3d4c26f1c55f9170fa4c5', 'BitDAO', 'BIT', '18', '10000000000000000000000000000', '0')ON DUPLICATE KEY UPDATE 
	name=values(name), 
	symbol=values(symbol),
	decimals=values(decimals),
	init_total_supply=values(init_total_supply),
	type=values(type);INSERT INTO tokens (`token_address`, `name`, `symbol`, `decimals`, `init_total_supply`, `type`) VALUES('0xff20817765cb7f73d4bde2e66e067e58d11095c2', 'Amp', 'AMP', '18', '99444040051279040998339729186', '0')ON DUPLICATE KEY UPDATE 
	name=values(name), 
	symbol=values(symbol),
	decimals=values(decimals),
	init_total_supply=values(init_total_supply),
	type=values(type);INSERT INTO tokens (`token_address`, `name`, `symbol`, `decimals`, `init_total_supply`, `type`) VALUES('0x15D4c048F83bd7e37d49eA4C83a07267Ec4203dA', 'Gala', 'GALA', '8', '3748027735187082732', '0')ON DUPLICATE KEY UPDATE 
	name=values(name), 
	symbol=values(symbol),
	decimals=values(decimals),
	init_total_supply=values(init_total_supply),
	type=values(type);INSERT INTO tokens (`token_address`, `name`, `symbol`, `decimals`, `init_total_supply`, `type`) VALUES('0xe452e6ea2ddeb012e20db73bf5d3863a3ac8d77a', 'Wrapped Celo', 'wCELO', '18', '1451489412272815386813391', '0')ON DUPLICATE KEY UPDATE 
	name=values(name), 
	symbol=values(symbol),
	decimals=values(decimals),
	init_total_supply=values(init_total_supply),
	type=values(type);INSERT INTO tokens (`token_address`, `name`, `symbol`, `decimals`, `init_total_supply`, `type`) VALUES('0x45804880De22913dAFE09f4980848ECE6EcbAf78', 'Paxos Gold', 'PAXG', '18', '330001873000000000000000', '0')ON DUPLICATE KEY UPDATE 
	name=values(name), 
	symbol=values(symbol),
	decimals=values(decimals),
	init_total_supply=values(init_total_supply),
	type=values(type);INSERT INTO tokens (`token_address`, `name`, `symbol`, `decimals`, `init_total_supply`, `type`) VALUES('0xa0b86991c6218b36c1d19d4a2e9eb0ce3606eb48', 'USD Coin', 'USDC', '6', '44312432334009550', '0')ON DUPLICATE KEY UPDATE 
	name=values(name), 
	symbol=values(symbol),
	decimals=values(decimals),
	init_total_supply=values(init_total_supply),
	type=values(type);INSERT INTO tokens (`token_address`, `name`, `symbol`, `decimals`, `init_total_supply`, `type`) VALUES('0x4fabb145d64652a948d72533023f6e7a623c7c53', 'Binance USD', 'BUSD', '18', '18194582217730000000000000000', '0')ON DUPLICATE KEY UPDATE 
	name=values(name), 
	symbol=values(symbol),
	decimals=values(decimals),
	init_total_supply=values(init_total_supply),
	type=values(type);INSERT INTO tokens (`token_address`, `name`, `symbol`, `decimals`, `init_total_supply`, `type`) VALUES('0xae7ab96520de3a18e5e111b5eaab095312d7fe84', 'Liquid staked Ether 2.0', 'stETH', '18', '4190686626877404287035058', '0')ON DUPLICATE KEY UPDATE 
	name=values(name), 
	symbol=values(symbol),
	decimals=values(decimals),
	init_total_supply=values(init_total_supply),
	type=values(type);INSERT INTO tokens (`token_address`, `name`, `symbol`, `decimals`, `init_total_supply`, `type`) VALUES('0x7f39c581f595b53c5cb19bd0b3f8da6c935e2ca0', 'Wrapped liquid staked Ether 2.0', 'wstETH', '18', '301634043916461122395529', '0')ON DUPLICATE KEY UPDATE 
	name=values(name), 
	symbol=values(symbol),
	decimals=values(decimals),
	init_total_supply=values(init_total_supply),
	type=values(type);INSERT INTO tokens (`token_address`, `name`, `symbol`, `decimals`, `init_total_supply`, `type`) VALUES('0x95aD61b0a150d79219dCF64E1E6Cc01f0B64C4cE', 'SHIBA INU', 'SHIB', '18', '999991593348634668467433785309628', '0')ON DUPLICATE KEY UPDATE 
	name=values(name), 
	symbol=values(symbol),
	decimals=values(decimals),
	init_total_supply=values(init_total_supply),
	type=values(type);INSERT INTO tokens (`token_address`, `name`, `symbol`, `decimals`, `init_total_supply`, `type`) VALUES('0x75231f58b43240c9718dd58b4967c5114342a86c', 'OKB', 'OKB', '18', '300000000000000000000000000', '0')ON DUPLICATE KEY UPDATE 
	name=values(name), 
	symbol=values(symbol),
	decimals=values(decimals),
	init_total_supply=values(init_total_supply),
	type=values(type);INSERT INTO tokens (`token_address`, `name`, `symbol`, `decimals`, `init_total_supply`, `type`) VALUES('0x1f9840a85d5af5bf1d1762f925bdaddc4201f984', 'Uniswap', 'UNI', '18', '1000000000000000000000000000', '0')ON DUPLICATE KEY UPDATE 
	name=values(name), 
	symbol=values(symbol),
	decimals=values(decimals),
	init_total_supply=values(init_total_supply),
	type=values(type);INSERT INTO tokens (`token_address`, `name`, `symbol`, `decimals`, `init_total_supply`, `type`) VALUES('0x99d8a9c45b2eca8864373a26d1459e3dff1e17f3', 'Magic Internet Money', 'MIM', '18', '1870149893711023181391094919', '0')ON DUPLICATE KEY UPDATE 
	name=values(name), 
	symbol=values(symbol),
	decimals=values(decimals),
	init_total_supply=values(init_total_supply),
	type=values(type);INSERT INTO tokens (`token_address`, `name`, `symbol`, `decimals`, `init_total_supply`, `type`) VALUES('0xfd09cf7cfffa9932e33668311c4777cb9db3c9be', 'Wrapped Decentraland MANA', 'wMANA', '18', '31218730937222222000000000', '0')ON DUPLICATE KEY UPDATE 
	name=values(name), 
	symbol=values(symbol),
	decimals=values(decimals),
	init_total_supply=values(init_total_supply),
	type=values(type);INSERT INTO tokens (`token_address`, `name`, `symbol`, `decimals`, `init_total_supply`, `type`) VALUES('0x6e1A19F235bE7ED8E3369eF73b196C07257494DE', 'Wrapped Filecoin', 'WFIL', '18', '2470957264184524969568', '0')ON DUPLICATE KEY UPDATE 
	name=values(name), 
	symbol=values(symbol),
	decimals=values(decimals),
	init_total_supply=values(init_total_supply),
	type=values(type);INSERT INTO tokens (`token_address`, `name`, `symbol`, `decimals`, `init_total_supply`, `type`) VALUES('0x853d955acef822db058eb8505911ed77f175b99e', 'Frax', 'FRAX', '18', '1485181322600862126747870101', '0')ON DUPLICATE KEY UPDATE 
	name=values(name), 
	symbol=values(symbol),
	decimals=values(decimals),
	init_total_supply=values(init_total_supply),
	type=values(type);INSERT INTO tokens (`token_address`, `name`, `symbol`, `decimals`, `init_total_supply`, `type`) VALUES('0xf34960d9d60be18cc1d5afc1a6f012a723a28811', 'KuCoin Token', 'KCS', '6', '165641743000000', '0')ON DUPLICATE KEY UPDATE 
	name=values(name), 
	symbol=values(symbol),
	decimals=values(decimals),
	init_total_supply=values(init_total_supply),
	type=values(type);INSERT INTO tokens (`token_address`, `name`, `symbol`, `decimals`, `init_total_supply`, `type`) VALUES('0xc944e90c64b2c07662a292be6244bdf05cda44a7', 'Graph Token', 'GRT', '18', '10370780327632442910764981606', '0')ON DUPLICATE KEY UPDATE 
	name=values(name), 
	symbol=values(symbol),
	decimals=values(decimals),
	init_total_supply=values(init_total_supply),
	type=values(type);INSERT INTO tokens (`token_address`, `name`, `symbol`, `decimals`, `init_total_supply`, `type`) VALUES('0x0000000000085d4780B73119b644AE5ecd22b376', 'TrueUSD', 'TUSD', '18', '833152160520000000000000000', '0')ON DUPLICATE KEY UPDATE 
	name=values(name), 
	symbol=values(symbol),
	decimals=values(decimals),
	init_total_supply=values(init_total_supply),
	type=values(type);INSERT INTO tokens (`token_address`, `name`, `symbol`, `decimals`, `init_total_supply`, `type`) VALUES('0xa47c8bf37f92abed4a126bda807a7b7498661acd', 'Wrapped UST Token', 'UST', '18', '538584140521994955663469205', '0')ON DUPLICATE KEY UPDATE 
	name=values(name), 
	symbol=values(symbol),
	decimals=values(decimals),
	init_total_supply=values(init_total_supply),
	type=values(type);INSERT INTO tokens (`token_address`, `name`, `symbol`, `decimals`, `init_total_supply`, `type`) VALUES('0x8e870d67f660d95d5be530380d0ec0bd388289e1', 'Pax Dollar', 'USDP', '18', '946878548640000000000000000', '0')ON DUPLICATE KEY UPDATE 
	name=values(name), 
	symbol=values(symbol),
	decimals=values(decimals),
	init_total_supply=values(init_total_supply),
	type=values(type);INSERT INTO tokens (`token_address`, `name`, `symbol`, `decimals`, `init_total_supply`, `type`) VALUES('0x1a4b46696b2bb4794eb3d4c26f1c55f9170fa4c5', 'BitDAO', 'BIT', '18', '10000000000000000000000000000', '0')ON DUPLICATE KEY UPDATE 
	name=values(name), 
	symbol=values(symbol),
	decimals=values(decimals),
	init_total_supply=values(init_total_supply),
	type=values(type);INSERT INTO tokens (`token_address`, `name`, `symbol`, `decimals`, `init_total_supply`, `type`) VALUES('0xff20817765cb7f73d4bde2e66e067e58d11095c2', 'Amp', 'AMP', '18', '99444040051279040998339729186', '0')ON DUPLICATE KEY UPDATE 
	name=values(name), 
	symbol=values(symbol),
	decimals=values(decimals),
	init_total_supply=values(init_total_supply),
	type=values(type);INSERT INTO tokens (`token_address`, `name`, `symbol`, `decimals`, `init_total_supply`, `type`) VALUES('0x15D4c048F83bd7e37d49eA4C83a07267Ec4203dA', 'Gala', 'GALA', '8', '3748027735187082732', '0')ON DUPLICATE KEY UPDATE 
	name=values(name), 
	symbol=values(symbol),
	decimals=values(decimals),
	init_total_supply=values(init_total_supply),
	type=values(type);INSERT INTO tokens (`token_address`, `name`, `symbol`, `decimals`, `init_total_supply`, `type`) VALUES('0xe452e6ea2ddeb012e20db73bf5d3863a3ac8d77a', 'Wrapped Celo', 'wCELO', '18', '1451489412272815386813391', '0')ON DUPLICATE KEY UPDATE 
	name=values(name), 
	symbol=values(symbol),
	decimals=values(decimals),
	init_total_supply=values(init_total_supply),
	type=values(type);INSERT INTO tokens (`token_address`, `name`, `symbol`, `decimals`, `init_total_supply`, `type`) VALUES('0x45804880De22913dAFE09f4980848ECE6EcbAf78', 'Paxos Gold', 'PAXG', '18', '330001873000000000000000', '0')ON DUPLICATE KEY UPDATE 
	name=values(name), 
	symbol=values(symbol),
	decimals=values(decimals),
	init_total_supply=values(init_total_supply),
	type=values(type);INSERT INTO tokens (`token_address`, `name`, `symbol`, `decimals`, `init_total_supply`, `type`) VALUES('0x8dae6cb04688c62d939ed9b68d32bc62e49970b1', 'Aave interest bearing CRV', 'aCRV', '18', '47682313467604836607590171', '0')ON DUPLICATE KEY UPDATE 
	name=values(name), 
	symbol=values(symbol),
	decimals=values(decimals),
	init_total_supply=values(init_total_supply),
	type=values(type);INSERT INTO tokens (`token_address`, `name`, `symbol`, `decimals`, `init_total_supply`, `type`) VALUES('0x3432b6a60d23ca0dfca7761b7ab56459d9c964d0', 'Frax Share', 'FXS', '18', '99427101255520091938991464', '0')ON DUPLICATE KEY UPDATE 
	name=values(name), 
	symbol=values(symbol),
	decimals=values(decimals),
	init_total_supply=values(init_total_supply),
	type=values(type);INSERT INTO tokens (`token_address`, `name`, `symbol`, `decimals`, `init_total_supply`, `type`) VALUES('0x68749665ff8d2d112fa859aa293f07a622782f38', 'Tether Gold', 'XAUt', '6', '246524330000', '0')ON DUPLICATE KEY UPDATE 
	name=values(name), 
	symbol=values(symbol),
	decimals=values(decimals),
	init_total_supply=values(init_total_supply),
	type=values(type);INSERT INTO tokens (`token_address`, `name`, `symbol`, `decimals`, `init_total_supply`, `type`) VALUES('0x3103df8f05c4d8af16fd22ae63e406b97fec6938', 'WQtum', 'WQTUM', '18', '107822406000000000000000000', '0')ON DUPLICATE KEY UPDATE 
	name=values(name), 
	symbol=values(symbol),
	decimals=values(decimals),
	init_total_supply=values(init_total_supply),
	type=values(type);INSERT INTO tokens (`token_address`, `name`, `symbol`, `decimals`, `init_total_supply`, `type`) VALUES('0x111111111117dc0aa78b770fa6a738034120c302', '1INCH Token', '1INCH', '18', '1500000000000000000000000000', '0')ON DUPLICATE KEY UPDATE 
	name=values(name), 
	symbol=values(symbol),
	decimals=values(decimals),
	init_total_supply=values(init_total_supply),
	type=values(type);INSERT INTO tokens (`token_address`, `name`, `symbol`, `decimals`, `init_total_supply`, `type`) VALUES('0x476c5E26a75bd202a9683ffD34359C0CC15be0fF', 'Serum', 'SRM', '6', '211000002000000', '0')ON DUPLICATE KEY UPDATE 
	name=values(name), 
	symbol=values(symbol),
	decimals=values(decimals),
	init_total_supply=values(init_total_supply),
	type=values(type);INSERT INTO tokens (`token_address`, `name`, `symbol`, `decimals`, `init_total_supply`, `type`) VALUES('0x0bc529c00C6401aEF6D220BE8C6Ea1667F6Ad93e', 'yearn.finance', 'YFI', '18', '36666000000000000000000', '0')ON DUPLICATE KEY UPDATE 
	name=values(name), 
	symbol=values(symbol),
	decimals=values(decimals),
	init_total_supply=values(init_total_supply),
	type=values(type);INSERT INTO tokens (`token_address`, `name`, `symbol`, `decimals`, `init_total_supply`, `type`) VALUES('0x7DD9c5Cba05E151C895FDe1CF355C9A1D5DA6429', 'Golem Network Token', 'GLM', '18', '569080320451338864010847940', '0')ON DUPLICATE KEY UPDATE 
	name=values(name), 
	symbol=values(symbol),
	decimals=values(decimals),
	init_total_supply=values(init_total_supply),
	type=values(type);INSERT INTO tokens (`token_address`, `name`, `symbol`, `decimals`, `init_total_supply`, `type`) VALUES('0x761d38e5ddf6ccf6cf7c55759d5210750b5d60f3', 'Dogelon', 'ELON', '18', '1000000000000000000000000000000000', '0')ON DUPLICATE KEY UPDATE 
	name=values(name), 
	symbol=values(symbol),
	decimals=values(decimals),
	init_total_supply=values(init_total_supply),
	type=values(type);INSERT INTO tokens (`token_address`, `name`, `symbol`, `decimals`, `init_total_supply`, `type`) VALUES('0x0f2d719407fdbeff09d87557abb7232601fd9f29', 'Synapse', 'SYN', '18', '127778822367324505332903298', '0')ON DUPLICATE KEY UPDATE 
	name=values(name), 
	symbol=values(symbol),
	decimals=values(decimals),
	init_total_supply=values(init_total_supply),
	type=values(type);INSERT INTO tokens (`token_address`, `name`, `symbol`, `decimals`, `init_total_supply`, `type`) VALUES('0x16631e53c20fd2670027c6d53efe2642929b285c', 'pTokens SAFEMOON', 'pSAFEMOON', '18', '2673248684199706708100933416768', '0')ON DUPLICATE KEY UPDATE 
	name=values(name), 
	symbol=values(symbol),
	decimals=values(decimals),
	init_total_supply=values(init_total_supply),
	type=values(type);INSERT INTO tokens (`token_address`, `name`, `symbol`, `decimals`, `init_total_supply`, `type`) VALUES('0x6b3595068778dd592e39a122f4f5a5cf09c90fe2', 'SushiToken', 'SUSHI', '18', '242174743348523035658478746', '0')ON DUPLICATE KEY UPDATE 
	name=values(name), 
	symbol=values(symbol),
	decimals=values(decimals),
	init_total_supply=values(init_total_supply),
	type=values(type);INSERT INTO tokens (`token_address`, `name`, `symbol`, `decimals`, `init_total_supply`, `type`) VALUES('0x6de037ef9ad2725eb40118bb1702ebb27e4aeb24', 'Render Token', 'RNDR', '18', '530962614978783236459575559', '0')ON DUPLICATE KEY UPDATE 
	name=values(name), 
	symbol=values(symbol),
	decimals=values(decimals),
	init_total_supply=values(init_total_supply),
	type=values(type);INSERT INTO tokens (`token_address`, `name`, `symbol`, `decimals`, `init_total_supply`, `type`) VALUES('0xdeFA4e8a7bcBA345F687a2f1456F5Edd9CE97202', 'Kyber Network Crystal v2', 'KNC', '18', '198300948045613966309618646', '0')ON DUPLICATE KEY UPDATE 
	name=values(name), 
	symbol=values(symbol),
	decimals=values(decimals),
	init_total_supply=values(init_total_supply),
	type=values(type);INSERT INTO tokens (`token_address`, `name`, `symbol`, `decimals`, `init_total_supply`, `type`) VALUES('0xcc8fa225d80b9c7d42f96e9570156c65d6caaa25', 'Smooth Love Potion', 'SLP', '0', '5375374133', '0')ON DUPLICATE KEY UPDATE 
	name=values(name), 
	symbol=values(symbol),
	decimals=values(decimals),
	init_total_supply=values(init_total_supply),
	type=values(type);INSERT INTO tokens (`token_address`, `name`, `symbol`, `decimals`, `init_total_supply`, `type`) VALUES('0x4691937a7508860f876c9c0a2a617e7d9e945d4b', 'Wootrade Network', 'WOO', '18', '3000000000000000000000000000', '0')ON DUPLICATE KEY UPDATE 
	name=values(name), 
	symbol=values(symbol),
	decimals=values(decimals),
	init_total_supply=values(init_total_supply),
	type=values(type);INSERT INTO tokens (`token_address`, `name`, `symbol`, `decimals`, `init_total_supply`, `type`) VALUES('0x767fe9edc9e0df98e07454847909b5e959d7ca0e', 'Illuvium', 'ILV', '18', '7000000000000000000000000', '0')ON DUPLICATE KEY UPDATE 
	name=values(name), 
	symbol=values(symbol),
	decimals=values(decimals),
	init_total_supply=values(init_total_supply),
	type=values(type);INSERT INTO tokens (`token_address`, `name`, `symbol`, `decimals`, `init_total_supply`, `type`) VALUES('0x92d6c1e31e14520e676a687f0a93788b716beff5', 'dYdX', 'DYDX', '18', '1000000000000000000000000000', '0')ON DUPLICATE KEY UPDATE 
	name=values(name), 
	symbol=values(symbol),
	decimals=values(decimals),
	init_total_supply=values(init_total_supply),
	type=values(type);INSERT INTO tokens (`token_address`, `name`, `symbol`, `decimals`, `init_total_supply`, `type`) VALUES('0xeb4c2781e4eba804ce9a9803c67d0893436bb27d', 'renBTC', 'renBTC', '8', '623067066666', '0')ON DUPLICATE KEY UPDATE 
	name=values(name), 
	symbol=values(symbol),
	decimals=values(decimals),
	init_total_supply=values(init_total_supply),
	type=values(type);INSERT INTO tokens (`token_address`, `name`, `symbol`, `decimals`, `init_total_supply`, `type`) VALUES('0xf99d58e463a2e07e5692127302c20a191861b4d6', 'Anyswap', 'ANY', '18', '7557660357425048906768042', '0')ON DUPLICATE KEY UPDATE 
	name=values(name), 
	symbol=values(symbol),
	decimals=values(decimals),
	init_total_supply=values(init_total_supply),
	type=values(type);INSERT INTO tokens (`token_address`, `name`, `symbol`, `decimals`, `init_total_supply`, `type`) VALUES('0x0fd10b9899882a6f2fcb5c371e17e70fdee00c38', 'Pundi X Token', 'PUNDIX', '18', '258463808099924396455928086', '0')ON DUPLICATE KEY UPDATE 
	name=values(name), 
	symbol=values(symbol),
	decimals=values(decimals),
	init_total_supply=values(init_total_supply),
	type=values(type);INSERT INTO tokens (`token_address`, `name`, `symbol`, `decimals`, `init_total_supply`, `type`) VALUES('0x70e8de73ce538da2beed35d14187f6959a8eca96', 'XSGD', 'XSGD', '6', '129279479920000', '0')ON DUPLICATE KEY UPDATE 
	name=values(name), 
	symbol=values(symbol),
	decimals=values(decimals),
	init_total_supply=values(init_total_supply),
	type=values(type);INSERT INTO tokens (`token_address`, `name`, `symbol`, `decimals`, `init_total_supply`, `type`) VALUES('0xaea46A60368A7bD060eec7DF8CBa43b7EF41Ad85', 'Fetch', 'FET', '18', '1152997575000000000000000000', '0')ON DUPLICATE KEY UPDATE 
	name=values(name), 
	symbol=values(symbol),
	decimals=values(decimals),
	init_total_supply=values(init_total_supply),
	type=values(type);INSERT INTO tokens (`token_address`, `name`, `symbol`, `decimals`, `init_total_supply`, `type`) VALUES('0x8A2279d4A90B6fe1C4B30fa660cC9f926797bAA2', 'Chroma', 'CHR', '6', '567369439326204', '0')ON DUPLICATE KEY UPDATE 
	name=values(name), 
	symbol=values(symbol),
	decimals=values(decimals),
	init_total_supply=values(init_total_supply),
	type=values(type);INSERT INTO tokens (`token_address`, `name`, `symbol`, `decimals`, `init_total_supply`, `type`) VALUES('0x090185f2135308bad17527004364ebcc2d37e5f6', 'Spell Token', 'SPELL', '18', '351495956617857845856679824844', '0')ON DUPLICATE KEY UPDATE 
	name=values(name), 
	symbol=values(symbol),
	decimals=values(decimals),
	init_total_supply=values(init_total_supply),
	type=values(type);INSERT INTO tokens (`token_address`, `name`, `symbol`, `decimals`, `init_total_supply`, `type`) VALUES('0xe28b3B32B6c345A34Ff64674606124Dd5Aceca30', 'Injective Token', 'INJ', '18', '100000000000000000000000000', '0')ON DUPLICATE KEY UPDATE 
	name=values(name), 
	symbol=values(symbol),
	decimals=values(decimals),
	init_total_supply=values(init_total_supply),
	type=values(type);INSERT INTO tokens (`token_address`, `name`, `symbol`, `decimals`, `init_total_supply`, `type`) VALUES('0x967da4048cD07aB37855c090aAF366e4ce1b9F48', 'Ocean Token', 'OCEAN', '18', '613099141000000000000000000', '0')ON DUPLICATE KEY UPDATE 
	name=values(name), 
	symbol=values(symbol),
	decimals=values(decimals),
	init_total_supply=values(init_total_supply),
	type=values(type);INSERT INTO tokens (`token_address`, `name`, `symbol`, `decimals`, `init_total_supply`, `type`) VALUES('0xcca0c9c383076649604eE31b20248BC04FdF61cA', 'BitMax token', 'BTMX', '18', '743798994444000000000000000', '0')ON DUPLICATE KEY UPDATE 
	name=values(name), 
	symbol=values(symbol),
	decimals=values(decimals),
	init_total_supply=values(init_total_supply),
	type=values(type);INSERT INTO tokens (`token_address`, `name`, `symbol`, `decimals`, `init_total_supply`, `type`) VALUES('0xE95A203B1a91a908F9B9CE46459d101078c2c3cb', 'Ankr ETH2 Reward Bearing Certificate', 'aETHc', '18', '54683094649665485923935', '0')ON DUPLICATE KEY UPDATE 
	name=values(name), 
	symbol=values(symbol),
	decimals=values(decimals),
	init_total_supply=values(init_total_supply),
	type=values(type);INSERT INTO tokens (`token_address`, `name`, `symbol`, `decimals`, `init_total_supply`, `type`) VALUES('0xD291E7a03283640FDc51b121aC401383A46cC623', 'Rari Governance Token', 'RGT', '18', '12485047994434931506885000', '0')ON DUPLICATE KEY UPDATE 
	name=values(name), 
	symbol=values(symbol),
	decimals=values(decimals),
	init_total_supply=values(init_total_supply),
	type=values(type);INSERT INTO tokens (`token_address`, `name`, `symbol`, `decimals`, `init_total_supply`, `type`) VALUES('0xbe9375c6a420d2eeb258962efb95551a5b722803', 'StormX', 'STMX', '18', '10000000000000000000000000000', '0')ON DUPLICATE KEY UPDATE 
	name=values(name), 
	symbol=values(symbol),
	decimals=values(decimals),
	init_total_supply=values(init_total_supply),
	type=values(type);INSERT INTO tokens (`token_address`, `name`, `symbol`, `decimals`, `init_total_supply`, `type`) VALUES('0xba100000625a3754423978a60c9317c58a424e3d', 'Balancer', 'BAL', '18', '49623982038401539763990856', '0')ON DUPLICATE KEY UPDATE 
	name=values(name), 
	symbol=values(symbol),
	decimals=values(decimals),
	init_total_supply=values(init_total_supply),
	type=values(type);INSERT INTO tokens (`token_address`, `name`, `symbol`, `decimals`, `init_total_supply`, `type`) VALUES('0xd241d7b5cb0ef9fc79d9e4eb9e21f5e209f52f7d', 'HooToken', 'HOO', '8', '10000000000000000', '0')ON DUPLICATE KEY UPDATE 
	name=values(name), 
	symbol=values(symbol),
	decimals=values(decimals),
	init_total_supply=values(init_total_supply),
	type=values(type);INSERT INTO tokens (`token_address`, `name`, `symbol`, `decimals`, `init_total_supply`, `type`) VALUES('0x69af81e73a73b40adf4f3d4223cd9b1ece623074', 'Mask Network', 'MASK', '18', '100000000000000000000000000', '0')ON DUPLICATE KEY UPDATE 
	name=values(name), 
	symbol=values(symbol),
	decimals=values(decimals),
	init_total_supply=values(init_total_supply),
	type=values(type);INSERT INTO tokens (`token_address`, `name`, `symbol`, `decimals`, `init_total_supply`, `type`) VALUES('0x8806926Ab68EB5a7b909DcAf6FdBe5d93271D6e2', 'Uquid Coin', 'UQC', '18', '40000000000000000000000000', '0')ON DUPLICATE KEY UPDATE 
	name=values(name), 
	symbol=values(symbol),
	decimals=values(decimals),
	init_total_supply=values(init_total_supply),
	type=values(type);INSERT INTO tokens (`token_address`, `name`, `symbol`, `decimals`, `init_total_supply`, `type`) VALUES('0xcfcecfe2bd2fed07a9145222e8a7ad9cf1ccd22a', 'Adshares', 'ADS', '11', '523202119157577115', '0')ON DUPLICATE KEY UPDATE 
	name=values(name), 
	symbol=values(symbol),
	decimals=values(decimals),
	init_total_supply=values(init_total_supply),
	type=values(type);INSERT INTO tokens (`token_address`, `name`, `symbol`, `decimals`, `init_total_supply`, `type`) VALUES('0x580c8520deda0a441522aeae0f9f7a5f29629afa', 'Dawn', 'DAWN', '18', '76588156827428849785986911', '0')ON DUPLICATE KEY UPDATE 
	name=values(name), 
	symbol=values(symbol),
	decimals=values(decimals),
	init_total_supply=values(init_total_supply),
	type=values(type);INSERT INTO tokens (`token_address`, `name`, `symbol`, `decimals`, `init_total_supply`, `type`) VALUES('0x0c7D5ae016f806603CB1782bEa29AC69471CAb9c', 'Bifrost', 'BFC', '18', '4000000000000000000000000000', '0')ON DUPLICATE KEY UPDATE 
	name=values(name), 
	symbol=values(symbol),
	decimals=values(decimals),
	init_total_supply=values(init_total_supply),
	type=values(type);INSERT INTO tokens (`token_address`, `name`, `symbol`, `decimals`, `init_total_supply`, `type`) VALUES('0xa1faa113cbe53436df28ff0aee54275c13b40975', 'AlphaToken', 'ALPHA', '18', '1000000000000000000000000000', '0')ON DUPLICATE KEY UPDATE 
	name=values(name), 
	symbol=values(symbol),
	decimals=values(decimals),
	init_total_supply=values(init_total_supply),
	type=values(type);INSERT INTO tokens (`token_address`, `name`, `symbol`, `decimals`, `init_total_supply`, `type`) VALUES('0x4c19596f5aaff459fa38b0f7ed92f11ae6543784', 'TrueFi', 'TRU', '8', '144112942698535704', '0')ON DUPLICATE KEY UPDATE 
	name=values(name), 
	symbol=values(symbol),
	decimals=values(decimals),
	init_total_supply=values(init_total_supply),
	type=values(type);INSERT INTO tokens (`token_address`, `name`, `symbol`, `decimals`, `init_total_supply`, `type`) VALUES('0x5b7533812759b45c2b44c19e320ba2cd2681b542', 'SingularityNET Token', 'AGIX', '8', '102809568605102014', '0')ON DUPLICATE KEY UPDATE 
	name=values(name), 
	symbol=values(symbol),
	decimals=values(decimals),
	init_total_supply=values(init_total_supply),
	type=values(type);INSERT INTO tokens (`token_address`, `name`, `symbol`, `decimals`, `init_total_supply`, `type`) VALUES('0xcf3c8be2e2c42331da80ef210e9b1b307c03d36a', 'BetProtocolToken', 'BEPRO', '18', '10000000000000000000000000000', '0')ON DUPLICATE KEY UPDATE 
	name=values(name), 
	symbol=values(symbol),
	decimals=values(decimals),
	init_total_supply=values(init_total_supply),
	type=values(type);INSERT INTO tokens (`token_address`, `name`, `symbol`, `decimals`, `init_total_supply`, `type`) VALUES('0xa117000000f279d81a1d3cc75430faa017fa5a2e', 'Aragon Network Token', 'ANT', '18', '43033156508759725927902724', '0')ON DUPLICATE KEY UPDATE 
	name=values(name), 
	symbol=values(symbol),
	decimals=values(decimals),
	init_total_supply=values(init_total_supply),
	type=values(type);INSERT INTO tokens (`token_address`, `name`, `symbol`, `decimals`, `init_total_supply`, `type`) VALUES('0x429D83Bb0DCB8cdd5311e34680ADC8B12070a07f', 'PlatonCoin', 'PLTC', '18', '300000000000000000000000000', '0')ON DUPLICATE KEY UPDATE 
	name=values(name), 
	symbol=values(symbol),
	decimals=values(decimals),
	init_total_supply=values(init_total_supply),
	type=values(type);INSERT INTO tokens (`token_address`, `name`, `symbol`, `decimals`, `init_total_supply`, `type`) VALUES('0x2a8e1e676ec238d8a992307b495b45b3feaa5e86', 'Origin Dollar', 'OUSD', '18', '63559629385298228017620006', '0')ON DUPLICATE KEY UPDATE 
	name=values(name), 
	symbol=values(symbol),
	decimals=values(decimals),
	init_total_supply=values(init_total_supply),
	type=values(type);INSERT INTO tokens (`token_address`, `name`, `symbol`, `decimals`, `init_total_supply`, `type`) VALUES('0xad3e3fc59dff318beceaab7d00eb4f68b1ecf195', 'Wrapped Celo USD', 'wCUSD', '18', '699468962000000000000000', '0')ON DUPLICATE KEY UPDATE 
	name=values(name), 
	symbol=values(symbol),
	decimals=values(decimals),
	init_total_supply=values(init_total_supply),
	type=values(type);INSERT INTO tokens (`token_address`, `name`, `symbol`, `decimals`, `init_total_supply`, `type`) VALUES('0xac51066d7bec65dc4589368da368b212745d63e8', 'ALICE', 'ALICE', '6', '92000000000000', '0')ON DUPLICATE KEY UPDATE 
	name=values(name), 
	symbol=values(symbol),
	decimals=values(decimals),
	init_total_supply=values(init_total_supply),
	type=values(type);INSERT INTO tokens (`token_address`, `name`, `symbol`, `decimals`, `init_total_supply`, `type`) VALUES('0x56d811088235F11C8920698a204A5010a788f4b3', 'bZx Protocol Token', 'BZRX', '18', '1030000000000000000000000000', '0')ON DUPLICATE KEY UPDATE 
	name=values(name), 
	symbol=values(symbol),
	decimals=values(decimals),
	init_total_supply=values(init_total_supply),
	type=values(type);INSERT INTO tokens (`token_address`, `name`, `symbol`, `decimals`, `init_total_supply`, `type`) VALUES('0x91Af0fBB28ABA7E31403Cb457106Ce79397FD4E6', 'Aergo', 'AERGO', '18', '500000000000000000000000000', '0')ON DUPLICATE KEY UPDATE 
	name=values(name), 
	symbol=values(symbol),
	decimals=values(decimals),
	init_total_supply=values(init_total_supply),
	type=values(type);INSERT INTO tokens (`token_address`, `name`, `symbol`, `decimals`, `init_total_supply`, `type`) VALUES('0xe2f2a5c287993345a840db3b0845fbc70f5935a5', 'mStable USD', 'mUSD', '18', '54998165688553839765894530', '0')ON DUPLICATE KEY UPDATE 
	name=values(name), 
	symbol=values(symbol),
	decimals=values(decimals),
	init_total_supply=values(init_total_supply),
	type=values(type);INSERT INTO tokens (`token_address`, `name`, `symbol`, `decimals`, `init_total_supply`, `type`) VALUES('0x43Dfc4159D86F3A37A5A4B3D4580b888ad7d4DDd', 'DODO bird', 'DODO', '18', '1000000000000000000000000000', '0')ON DUPLICATE KEY UPDATE 
	name=values(name), 
	symbol=values(symbol),
	decimals=values(decimals),
	init_total_supply=values(init_total_supply),
	type=values(type);INSERT INTO tokens (`token_address`, `name`, `symbol`, `decimals`, `init_total_supply`, `type`) VALUES('0xd417144312dbf50465b1c641d016962017ef6240', 'Covalent Query Token', 'CQT', '18', '1000000000000000000000000000', '0')ON DUPLICATE KEY UPDATE 
	name=values(name), 
	symbol=values(symbol),
	decimals=values(decimals),
	init_total_supply=values(init_total_supply),
	type=values(type);INSERT INTO tokens (`token_address`, `name`, `symbol`, `decimals`, `init_total_supply`, `type`) VALUES('0x1ceb5cb57c4d4e2b2433641b95dd330a33185a44', 'Keep3rV1', 'KP3R', '18', '381101112101409976296762', '0')ON DUPLICATE KEY UPDATE 
	name=values(name), 
	symbol=values(symbol),
	decimals=values(decimals),
	init_total_supply=values(init_total_supply),
	type=values(type);INSERT INTO tokens (`token_address`, `name`, `symbol`, `decimals`, `init_total_supply`, `type`) VALUES('0xEC213F83defB583af3A000B1c0ada660b1902A0F', 'Presearch', 'PRE', '18', '500000000000000000000000000', '0')ON DUPLICATE KEY UPDATE 
	name=values(name), 
	symbol=values(symbol),
	decimals=values(decimals),
	init_total_supply=values(init_total_supply),
	type=values(type);INSERT INTO tokens (`token_address`, `name`, `symbol`, `decimals`, `init_total_supply`, `type`) VALUES('0x626e8036deb333b408be468f951bdb42433cbf18', 'AIOZ Network', 'AIOZ', '18', '498412266000000000000000000', '0')ON DUPLICATE KEY UPDATE 
	name=values(name), 
	symbol=values(symbol),
	decimals=values(decimals),
	init_total_supply=values(init_total_supply),
	type=values(type);INSERT INTO tokens (`token_address`, `name`, `symbol`, `decimals`, `init_total_supply`, `type`) VALUES('0x1c48f86ae57291f7686349f12601910bd8d470bb', 'USDK', 'USDK', '18', '42478711000000000000000000', '0')ON DUPLICATE KEY UPDATE 
	name=values(name), 
	symbol=values(symbol),
	decimals=values(decimals),
	init_total_supply=values(init_total_supply),
	type=values(type);INSERT INTO tokens (`token_address`, `name`, `symbol`, `decimals`, `init_total_supply`, `type`) VALUES('0xaaa7a10a8ee237ea61e8ac46c50a8db8bcc1baaa', 'QANX Token', 'QANX', '18', '3333333000000000000000000000', '0')ON DUPLICATE KEY UPDATE 
	name=values(name), 
	symbol=values(symbol),
	decimals=values(decimals),
	init_total_supply=values(init_total_supply),
	type=values(type);INSERT INTO tokens (`token_address`, `name`, `symbol`, `decimals`, `init_total_supply`, `type`) VALUES('0x6c28AeF8977c9B773996d0e8376d2EE379446F2f', 'Quickswap', 'QUICK', '18', '1000000000000000000000000', '0')ON DUPLICATE KEY UPDATE 
	name=values(name), 
	symbol=values(symbol),
	decimals=values(decimals),
	init_total_supply=values(init_total_supply),
	type=values(type);INSERT INTO tokens (`token_address`, `name`, `symbol`, `decimals`, `init_total_supply`, `type`) VALUES('0xa2120b9e674d3fc3875f415a7df52e382f141225', 'Automata', 'ATA', '18', '1000000000000000000000000000', '0')ON DUPLICATE KEY UPDATE 
	name=values(name), 
	symbol=values(symbol),
	decimals=values(decimals),
	init_total_supply=values(init_total_supply),
	type=values(type);INSERT INTO tokens (`token_address`, `name`, `symbol`, `decimals`, `init_total_supply`, `type`) VALUES('0xde30da39c46104798bb5aa3fe8b9e0e1f348163f', 'Gitcoin', 'GTC', '18', '100000000000000000000000000', '0')ON DUPLICATE KEY UPDATE 
	name=values(name), 
	symbol=values(symbol),
	decimals=values(decimals),
	init_total_supply=values(init_total_supply),
	type=values(type);INSERT INTO tokens (`token_address`, `name`, `symbol`, `decimals`, `init_total_supply`, `type`) VALUES('0x57b946008913b82e4df85f501cbaed910e58d26c', 'Marlin POND', 'POND', '18', '5033753055761767465716723309', '0')ON DUPLICATE KEY UPDATE 
	name=values(name), 
	symbol=values(symbol),
	decimals=values(decimals),
	init_total_supply=values(init_total_supply),
	type=values(type);INSERT INTO tokens (`token_address`, `name`, `symbol`, `decimals`, `init_total_supply`, `type`) VALUES('0x6123b0049f904d730db3c36a31167d9d4121fa6b', 'Ribbon', 'RBN', '18', '1000000000000000000000000000', '0')ON DUPLICATE KEY UPDATE 
	name=values(name), 
	symbol=values(symbol),
	decimals=values(decimals),
	init_total_supply=values(init_total_supply),
	type=values(type);INSERT INTO tokens (`token_address`, `name`, `symbol`, `decimals`, `init_total_supply`, `type`) VALUES('0x77fba179c79de5b7653f68b5039af940ada60ce0', 'Ampleforth Governance', 'FORTH', '18', '15297897144559330607623017', '0')ON DUPLICATE KEY UPDATE 
	name=values(name), 
	symbol=values(symbol),
	decimals=values(decimals),
	init_total_supply=values(init_total_supply),
	type=values(type);INSERT INTO tokens (`token_address`, `name`, `symbol`, `decimals`, `init_total_supply`, `type`) VALUES('0x389999216860ab8e0175387a0c90e5c52522c945', 'FEGtoken', 'FEG', '9', '100000000000000000000000000', '0')ON DUPLICATE KEY UPDATE 
	name=values(name), 
	symbol=values(symbol),
	decimals=values(decimals),
	init_total_supply=values(init_total_supply),
	type=values(type);INSERT INTO tokens (`token_address`, `name`, `symbol`, `decimals`, `init_total_supply`, `type`) VALUES('0x0d438f3b5175bebc262bf23753c1e53d03432bde', 'Wrapped NXM', 'wNXM', '18', '2733409650537888514343432', '0')ON DUPLICATE KEY UPDATE 
	name=values(name), 
	symbol=values(symbol),
	decimals=values(decimals),
	init_total_supply=values(init_total_supply),
	type=values(type);INSERT INTO tokens (`token_address`, `name`, `symbol`, `decimals`, `init_total_supply`, `type`) VALUES('0x998FFE1E43fAcffb941dc337dD0468d52bA5b48A', 'Rupiah Token', 'IDRT', '2', '12691685091800', '0')ON DUPLICATE KEY UPDATE 
	name=values(name), 
	symbol=values(symbol),
	decimals=values(decimals),
	init_total_supply=values(init_total_supply),
	type=values(type);